feature,chroma_cens,chroma_cens,chroma_cens,chroma_cens,chroma_cens,chroma_cens,chroma_cens,chroma_cens,chroma_cens,chroma_cens,chroma_cens,chroma_cens,chroma_cens,chroma_cens,chroma_cens,chroma_cens,chroma_cens,chroma_cens,chroma_cens,chroma_cens,chroma_cens,chroma_cens,chroma_cens,chroma_cens,chroma_cens,chroma_cens,chroma_cens,chroma_cens,chroma_cens,chroma_cens,chroma_cens,chroma_cens,chroma_cens,chroma_cens,chroma_cens,chroma_cens,chroma_cens,chroma_cens,chroma_cens,chroma_cens,chroma_cens,chroma_cens,chroma_cens,chroma_cens,chroma_cens,chroma_cens,chroma_cens,chroma_cens,chroma_cens,chroma_cens,chroma_cens,chroma_cens,chroma_cens,chroma_cens,chroma_cens,chroma_cens,chroma_cens,chroma_cens,chroma_cens,chroma_cens,chroma_cens,chroma_cens,chroma_cens,chroma_cens,chroma_cens,chroma_cens,chroma_cens,chroma_cens,chroma_cens,chroma_cens,chroma_cens,chroma_cens,chroma_cens,chroma_cens,chroma_cens,chroma_cens,chroma_cens,chroma_cens,chroma_cens,chroma_cens,chroma_cens,chroma_cens,chroma_cens,chroma_cens,chroma_cqt,chroma_cqt,chroma_cqt,chroma_cqt,chroma_cqt,chroma_cqt,chroma_cqt,chroma_cqt,chroma_cqt,chroma_cqt,chroma_cqt,chroma_cqt,chroma_cqt,chroma_cqt,chroma_cqt,chroma_cqt,chroma_cqt,chroma_cqt,chroma_cqt,chroma_cqt,chroma_cqt,chroma_cqt,chroma_cqt,chroma_cqt,chroma_cqt,chroma_cqt,chroma_cqt,chroma_cqt,chroma_cqt,chroma_cqt,chroma_cqt,chroma_cqt,chroma_cqt,chroma_cqt,chroma_cqt,chroma_cqt,chroma_cqt,chroma_cqt,chroma_cqt,chroma_cqt,chroma_cqt,chroma_cqt,chroma_cqt,chroma_cqt,chroma_cqt,chroma_cqt,chroma_cqt,chroma_cqt,chroma_cqt,chroma_cqt,chroma_cqt,chroma_cqt,chroma_cqt,chroma_cqt,chroma_cqt,chroma_cqt,chroma_cqt,chroma_cqt,chroma_cqt,chroma_cqt,chroma_cqt,chroma_cqt,chroma_cqt,chroma_cqt,chroma_cqt,chroma_cqt,chroma_cqt,chroma_cqt,chroma_cqt,chroma_cqt,chroma_cqt,chroma_cqt,chroma_cqt,chroma_cqt,chroma_cqt,chroma_cqt,chroma_cqt,chroma_cqt,chroma_cqt,chroma_cqt,chroma_cqt,chroma_cqt,chroma_cqt,chroma_cqt,chroma_stft,chroma_stft,chroma_stft,chroma_stft,chroma_stft,chroma_stft,chroma_stft,chroma_stft,chroma_stft,chroma_stft,chroma_stft,chroma_stft,chroma_stft,chroma_stft,chroma_stft,chroma_stft,chroma_stft,chroma_stft,chroma_stft,chroma_stft,chroma_stft,chroma_stft,chroma_stft,chroma_stft,chroma_stft,chroma_stft,chroma_stft,chroma_stft,chroma_stft,chroma_stft,chroma_stft,chroma_stft,chroma_stft,chroma_stft,chroma_stft,chroma_stft,chroma_stft,chroma_stft,chroma_stft,chroma_stft,chroma_stft,chroma_stft,chroma_stft,chroma_stft,chroma_stft,chroma_stft,chroma_stft,chroma_stft,chroma_stft,chroma_stft,chroma_stft,chroma_stft,chroma_stft,chroma_stft,chroma_stft,chroma_stft,chroma_stft,chroma_stft,chroma_stft,chroma_stft,chroma_stft,chroma_stft,chroma_stft,chroma_stft,chroma_stft,chroma_stft,chroma_stft,chroma_stft,chroma_stft,chroma_stft,chroma_stft,chroma_stft,chroma_stft,chroma_stft,chroma_stft,chroma_stft,chroma_stft,chroma_stft,chroma_stft,chroma_stft,chroma_stft,chroma_stft,chroma_stft,chroma_stft,mfcc,mfcc,mfcc,mfcc,mfcc,mfcc,mfcc,mfcc,mfcc,mfcc,mfcc,mfcc,mfcc,mfcc,mfcc,mfcc,mfcc,mfcc,mfcc,mfcc,mfcc,mfcc,mfcc,mfcc,mfcc,mfcc,mfcc,mfcc,mfcc,mfcc,mfcc,mfcc,mfcc,mfcc,mfcc,mfcc,mfcc,mfcc,mfcc,mfcc,mfcc,mfcc,mfcc,mfcc,mfcc,mfcc,mfcc,mfcc,mfcc,mfcc,mfcc,mfcc,mfcc,mfcc,mfcc,mfcc,mfcc,mfcc,mfcc,mfcc,mfcc,mfcc,mfcc,mfcc,mfcc,mfcc,mfcc,mfcc,mfcc,mfcc,mfcc,mfcc,mfcc,mfcc,mfcc,mfcc,mfcc,mfcc,mfcc,mfcc,mfcc,mfcc,mfcc,mfcc,rmse,rmse,rmse,rmse,rmse,rmse,rmse,spectral_bandwidth,spectral_bandwidth,spectral_bandwidth,spectral_bandwidth,spectral_bandwidth,spectral_bandwidth,spectral_bandwidth,spectral_centroid,spectral_centroid,spectral_centroid,spectral_centroid,spectral_centroid,spectral_centroid,spectral_centroid,spectral_contrast,spectral_contrast,spectral_contrast,spectral_contrast,spectral_contrast,spectral_contrast,spectral_contrast,spectral_contrast,spectral_contrast,spectral_contrast,spectral_contrast,spectral_contrast,spectral_contrast,spectral_contrast,spectral_contrast,spectral_contrast,spectral_contrast,spectral_contrast,spectral_contrast,spectral_contrast,spectral_contrast,spectral_contrast,spectral_contrast,spectral_contrast,spectral_contrast,spectral_contrast,spectral_contrast,spectral_contrast,spectral_contrast,spectral_contrast,spectral_contrast,spectral_contrast,spectral_contrast,spectral_contrast,spectral_contrast,spectral_contrast,spectral_contrast,spectral_contrast,spectral_contrast,spectral_contrast,spectral_contrast,spectral_contrast,spectral_contrast,spectral_contrast,spectral_contrast,spectral_contrast,spectral_contrast,spectral_contrast,spectral_contrast,spectral_rolloff,spectral_rolloff,spectral_rolloff,spectral_rolloff,spectral_rolloff,spectral_rolloff,spectral_rolloff,tonnetz,tonnetz,tonnetz,tonnetz,tonnetz,tonnetz,tonnetz,tonnetz,tonnetz,tonnetz,tonnetz,tonnetz,tonnetz,tonnetz,tonnetz,tonnetz,tonnetz,tonnetz,tonnetz,tonnetz,tonnetz,tonnetz,tonnetz,tonnetz,tonnetz,tonnetz,tonnetz,tonnetz,tonnetz,tonnetz,tonnetz,tonnetz,tonnetz,tonnetz,tonnetz,tonnetz,tonnetz,tonnetz,tonnetz,tonnetz,tonnetz,tonnetz,zcr,zcr,zcr,zcr,zcr,zcr,zcr,tempo
statistics,kurtosis,kurtosis,kurtosis,kurtosis,kurtosis,kurtosis,kurtosis,kurtosis,kurtosis,kurtosis,kurtosis,kurtosis,max,max,max,max,max,max,max,max,max,max,max,max,mean,mean,mean,mean,mean,mean,mean,mean,mean,mean,mean,mean,median,median,median,median,median,median,median,median,median,median,median,median,min,min,min,min,min,min,min,min,min,min,min,min,skew,skew,skew,skew,skew,skew,skew,skew,skew,skew,skew,skew,std,std,std,std,std,std,std,std,std,std,std,std,kurtosis,kurtosis,kurtosis,kurtosis,kurtosis,kurtosis,kurtosis,kurtosis,kurtosis,kurtosis,kurtosis,kurtosis,max,max,max,max,max,max,max,max,max,max,max,max,mean,mean,mean,mean,mean,mean,mean,mean,mean,mean,mean,mean,median,median,median,median,median,median,median,median,median,median,median,median,min,min,min,min,min,min,min,min,min,min,min,min,skew,skew,skew,skew,skew,skew,skew,skew,skew,skew,skew,skew,std,std,std,std,std,std,std,std,std,std,std,std,kurtosis,kurtosis,kurtosis,kurtosis,kurtosis,kurtosis,kurtosis,kurtosis,kurtosis,kurtosis,kurtosis,kurtosis,max,max,max,max,max,max,max,max,max,max,max,max,mean,mean,mean,mean,mean,mean,mean,mean,mean,mean,mean,mean,median,median,median,median,median,median,median,median,median,median,median,median,min,min,min,min,min,min,min,min,min,min,min,min,skew,skew,skew,skew,skew,skew,skew,skew,skew,skew,skew,skew,std,std,std,std,std,std,std,std,std,std,std,std,kurtosis,kurtosis,kurtosis,kurtosis,kurtosis,kurtosis,kurtosis,kurtosis,kurtosis,kurtosis,kurtosis,kurtosis,max,max,max,max,max,max,max,max,max,max,max,max,mean,mean,mean,mean,mean,mean,mean,mean,mean,mean,mean,mean,median,median,median,median,median,median,median,median,median,median,median,median,min,min,min,min,min,min,min,min,min,min,min,min,skew,skew,skew,skew,skew,skew,skew,skew,skew,skew,skew,skew,std,std,std,std,std,std,std,std,std,std,std,std,kurtosis,max,mean,median,min,skew,std,kurtosis,max,mean,median,min,skew,std,kurtosis,max,mean,median,min,skew,std,kurtosis,kurtosis,kurtosis,kurtosis,kurtosis,kurtosis,kurtosis,max,max,max,max,max,max,max,mean,mean,mean,mean,mean,mean,mean,median,median,median,median,median,median,median,min,min,min,min,min,min,min,skew,skew,skew,skew,skew,skew,skew,std,std,std,std,std,std,std,kurtosis,max,mean,median,min,skew,std,kurtosis,kurtosis,kurtosis,kurtosis,kurtosis,kurtosis,max,max,max,max,max,max,mean,mean,mean,mean,mean,mean,median,median,median,median,median,median,min,min,min,min,min,min,skew,skew,skew,skew,skew,skew,std,std,std,std,std,std,kurtosis,max,mean,median,min,skew,std,mean
compo#,01,02,03,04,05,06,07,08,09,10,11,12,01,02,03,04,05,06,07,08,09,10,11,12,01,02,03,04,05,06,07,08,09,10,11,12,01,02,03,04,05,06,07,08,09,10,11,12,01,02,03,04,05,06,07,08,09,10,11,12,01,02,03,04,05,06,07,08,09,10,11,12,01,02,03,04,05,06,07,08,09,10,11,12,01,02,03,04,05,06,07,08,09,10,11,12,01,02,03,04,05,06,07,08,09,10,11,12,01,02,03,04,05,06,07,08,09,10,11,12,01,02,03,04,05,06,07,08,09,10,11,12,01,02,03,04,05,06,07,08,09,10,11,12,01,02,03,04,05,06,07,08,09,10,11,12,01,02,03,04,05,06,07,08,09,10,11,12,01,02,03,04,05,06,07,08,09,10,11,12,01,02,03,04,05,06,07,08,09,10,11,12,01,02,03,04,05,06,07,08,09,10,11,12,01,02,03,04,05,06,07,08,09,10,11,12,01,02,03,04,05,06,07,08,09,10,11,12,01,02,03,04,05,06,07,08,09,10,11,12,01,02,03,04,05,06,07,08,09,10,11,12,01,02,03,04,05,06,07,08,09,10,11,12,01,02,03,04,05,06,07,08,09,10,11,12,01,02,03,04,05,06,07,08,09,10,11,12,01,02,03,04,05,06,07,08,09,10,11,12,01,02,03,04,05,06,07,08,09,10,11,12,01,02,03,04,05,06,07,08,09,10,11,12,01,02,03,04,05,06,07,08,09,10,11,12,01,01,01,01,01,01,01,01,01,01,01,01,01,01,01,01,01,01,01,01,01,01,02,03,04,05,06,07,01,02,03,04,05,06,07,01,02,03,04,05,06,07,01,02,03,04,05,06,07,01,02,03,04,05,06,07,01,02,03,04,05,06,07,01,02,03,04,05,06,07,01,01,01,01,01,01,01,01,02,03,04,05,06,01,02,03,04,05,06,01,02,03,04,05,06,01,02,03,04,05,06,01,02,03,04,05,06,01,02,03,04,05,06,01,02,03,04,05,06,01,01,01,01,01,01,01,01
uid,,,,,,,,,,,,,,,,,,,,,,,,,,,,,,,,,,,,,,,,,,,,,,,,,,,,,,,,,,,,,,,,,,,,,,,,,,,,,,,,,,,,,,,,,,,,,,,,,,,,,,,,,,,,,,,,,,,,,,,,,,,,,,,,,,,,,,,,,,,,,,,,,,,,,,,,,,,,,,,,,,,,,,,,,,,,,,,,,,,,,,,,,,,,,,,,,,,,,,,,,,,,,,,,,,,,,,,,,,,,,,,,,,,,,,,,,,,,,,,,,,,,,,,,,,,,,,,,,,,,,,,,,,,,,,,,,,,,,,,,,,,,,,,,,,,,,,,,,,,,,,,,,,,,,,,,,,,,,,,,,,,,,,,,,,,,,,,,,,,,,,,,,,,,,,,,,,,,,,,,,,,,,,,,,,,,,,,,,,,,,,,,,,,,,,,,,,,,,,,,,,,,,,,,,,,,,,,,,,,,,,,,,,,,,,,,,,,,,,,,,,,,,,,,,,,,,,,,,,,,,,,
AND-1-3037-01,0.5299999713897705,0.7195000052452087,-0.20600000023841858,-1.0774999856948853,-0.9093000292778015,0.1793999969959259,1.6921000480651855,2.7922000885009766,0.2076999992132187,-0.6208000183105469,-0.5609999895095825,1.2930999994277954,0.7857000231742859,0.8119000196456909,0.8086000084877014,0.6478000283241272,0.6119999885559082,0.5741999745368958,0.7774999737739563,0.7038999795913696,0.5911999940872192,0.7073000073432922,0.6503999829292297,0.6851000189781189,0.2578999996185303,0.3718999922275543,0.4442000091075897,0.3156000077724457,0.22869999706745148,0.16449999809265137,0.13130000233650208,0.1340000033378601,0.1664000004529953,0.21969999372959137,0.20589999854564667,0.11879999935626984,0.23549999296665192,0.367000013589859,0.49410000443458557,0.3614000082015991,0.23980000615119934,0.1517000049352646,0.08179999887943268,0.08139999955892563,0.14229999482631683,0.19580000638961792,0.18129999935626984,0.08760000020265579,0.0,0.0,0.0,0.0,0.0,0.0,0.0,0.0,0.0,0.0,0.0,0.0,0.7846,0.0503,-0.7908,-0.4604,0.016,0.6797,1.4629,1.9215,0.8066,0.4987,0.5659,1.2586,0.14139999449253082,0.12780000269412994,0.1826000064611435,0.17550000548362732,0.13490000367164612,0.10930000245571136,0.13609999418258667,0.15960000455379486,0.11900000274181366,0.16419999301433563,0.14880000054836273,0.11580000072717667,-0.19609999656677246,-0.6015999913215637,-1.3352999687194824,-1.37909996509552,-0.8058000206947327,0.27799999713897705,2.4166998863220215,0.9757999777793884,1.115399956703186,-0.21649999916553497,0.21879999339580536,3.053499937057495,1.0,1.0,1.0,1.0,1.0,1.0,1.0,1.0,1.0,1.0,1.0,1.0,0.4066999852657318,0.5297999978065491,0.6866000294685364,0.5109000205993652,0.38690000772476196,0.3018999993801117,0.2615000009536743,0.2784999907016754,0.29910001158714294,0.367000013589859,0.3508000075817108,0.24289999902248383,0.3246000111103058,0.4756999909877777,0.8079000115394592,0.45899999141693115,0.28760001063346863,0.22529999911785126,0.19210000336170197,0.1648000031709671,0.2361000031232834,0.2732999920845032,0.2614000141620636,0.18019999563694,0.02759999968111515,0.028300000354647636,0.03550000116229057,0.019700000062584877,0.014600000344216824,0.00559999980032444,0.010499999858438969,0.008999999612569809,0.01119999960064888,0.01119999960064888,0.014100000262260437,0.006800000090152025,0.9282,0.5267,-0.4817,0.2628,0.7139,0.9771,1.5891,1.3694,1.1908,0.9461,1.1352,1.7192,0.2671000063419342,0.2492000013589859,0.32330000400543213,0.32409998774528503,0.28200000524520874,0.22470000386238098,0.21060000360012054,0.2676999866962433,0.22470000386238098,0.2903999984264374,0.28130000829696655,0.2078000009059906,-1.0515,-1.0515,-1.0515,-1.0515,-1.0515,-1.0515,-1.0515,-1.0515,-1.0515,-1.0515,-1.0515,-1.0515,1.0,1.0,1.0,1.0,1.0,1.0,1.0,1.0,1.0,1.0,1.0,1.0,0.4937,0.4937,0.4937,0.4937,0.4937,0.4937,0.4937,0.4937,0.4937,0.4937,0.4937,0.4937,0.459,0.459,0.459,0.459,0.459,0.459,0.459,0.459,0.459,0.459,0.459,0.459,0.0046,0.0046,0.0046,0.0046,0.0046,0.0046,0.0046,0.0046,0.0046,0.0046,0.0046,0.0046,0.2797,0.2797,0.2797,0.2797,0.2797,0.2797,0.2797,0.2797,0.2797,0.2797,0.2797,0.2797,0.2893,0.2893,0.2893,0.2893,0.2893,0.2893,0.2893,0.2893,0.2893,0.2893,0.2893,0.2893,22.0914,22.0914,22.0914,22.0914,22.0914,22.0914,22.0914,22.0914,22.0914,22.0914,22.0914,22.0914,239.452,239.452,239.452,239.452,239.452,239.452,239.452,239.452,239.452,239.452,239.452,239.452,0.607,0.607,0.607,0.607,0.607,0.607,0.607,0.607,0.607,0.607,0.607,0.607,-1.2698,-1.2698,-1.2698,-1.2698,-1.2698,-1.2698,-1.2698,-1.2698,-1.2698,-1.2698,-1.2698,-1.2698,-597.3162,-597.3162,-597.3162,-597.3162,-597.3162,-597.3162,-597.3162,-597.3162,-597.3162,-597.3162,-597.3162,-597.3162,-1.88,-1.88,-1.88,-1.88,-1.88,-1.88,-1.88,-1.88,-1.88,-1.88,-1.88,-1.88,45.0552,45.0552,45.0552,45.0552,45.0552,45.0552,45.0552,45.0552,45.0552,45.0552,45.0552,45.0552,0.2882,0.3309,0.128,0.1259,0.0,0.371,0.0555,0.9032,3857.1,2065.9946,2095.8706,269.8848,-0.685,527.6353,0.017,6630.7593,1913.2756,1942.174,182.6749,0.1017,759.187,1.3052,1.3052,1.3052,1.3052,1.3052,1.3052,1.3052,65.308,65.308,65.308,65.308,65.308,65.308,65.308,22.7224,22.7224,22.7224,22.7224,22.7224,22.7224,22.7224,17.5385,17.5385,17.5385,17.5385,17.5385,17.5385,17.5385,2.0366,2.0366,2.0366,2.0366,2.0366,2.0366,2.0366,1.635,1.635,1.635,1.635,1.635,1.635,1.635,13.4831,13.4831,13.4831,13.4831,13.4831,13.4831,13.4831,-0.3583,9119.312,4264.3027,4360.4736,43.0664,-0.3504,1652.7715,5.5026,5.5026,5.5026,5.5026,5.5026,5.5026,0.5113,0.5113,0.5113,0.5113,0.5113,0.5113,-0.0099,-0.0099,-0.0099,-0.0099,-0.0099,-0.0099,-0.0011,-0.0011,-0.0011,-0.0011,-0.0011,-0.0011,-0.6017,-0.6017,-0.6017,-0.6017,-0.6017,-0.6017,-0.7594,-0.7594,-0.7594,-0.7594,-0.7594,-0.7594,0.0889,0.0889,0.0889,0.0889,0.0889,0.0889,6.8894,0.6387,0.0725,0.061,0.002,1.8705,0.0512,63.802
AND-1-3037-02,0.5557000041007996,0.9591000080108643,-0.25540000200271606,0.21209999918937683,-0.4196000099182129,-0.36910000443458557,0.8371000289916992,2.0741000175476074,1.4830000400543213,0.07119999825954437,2.530900001525879,0.5735999941825867,0.7401999831199646,0.8109999895095825,0.8639000058174133,0.7264999747276306,0.8769999742507935,0.569599986076355,0.5719000101089478,0.49709999561309814,0.703000009059906,0.5884000062942505,0.5669999718666077,0.5834000110626221,0.21080000698566437,0.36910000443458557,0.5072000026702881,0.38119998574256897,0.30300000309944153,0.17630000412464142,0.13040000200271606,0.09640000015497208,0.156700000166893,0.1445000022649765,0.10140000283718109,0.12939999997615814,0.19789999723434448,0.3734000027179718,0.5254999995231628,0.40369999408721924,0.28999999165534973,0.13379999995231628,0.11330000311136246,0.0763000026345253,0.12370000034570694,0.12300000339746475,0.06889999657869339,0.0877000018954277,0.0,0.006500000134110451,0.03099999949336052,9.999999747378752e-05,0.0,0.0,0.0,0.0,0.0,0.0,0.0,0.0,0.7095,0.1378,-0.2883,-0.4731,0.3965,0.7708,1.017,1.417,1.2241,0.7947,1.5426,1.1313,0.1324000060558319,0.11640000343322754,0.14910000562667847,0.12860000133514404,0.16979999840259552,0.13699999451637268,0.10289999842643738,0.09000000357627869,0.13519999384880066,0.11749999970197678,0.09960000216960907,0.13019999861717224,1.4644999504089355,-0.39800000190734863,-0.9857000112533569,-1.0125999450683594,-0.8450999855995178,1.0434999465942383,1.342900037765503,2.0332999229431152,1.561900019645691,2.101599931716919,4.246600151062012,2.3071000576019287,1.0,1.0,1.0,1.0,1.0,1.0,1.0,1.0,1.0,1.0,1.0,1.0,0.33070001006126404,0.5002999901771545,0.7491999864578247,0.5357000231742859,0.45419999957084656,0.30649998784065247,0.24580000340938568,0.20839999616146088,0.2727000117301941,0.2578999996185303,0.21580000221729279,0.24529999494552612,0.2662999927997589,0.4562000036239624,0.9592999815940857,0.5101000070571899,0.3865000009536743,0.2337999939918518,0.16699999570846558,0.1388999968767166,0.19769999384880066,0.18860000371932983,0.15719999372959137,0.16769999265670776,0.0272000003606081,0.03200000151991844,0.03420000150799751,0.025100000202655792,0.017000000923871994,0.012299999594688416,0.00800000037997961,0.006800000090152025,0.010700000450015068,0.010200000368058681,0.009399999864399433,0.006599999964237213,1.3839,0.5952,-0.7274,0.2018,0.5915,1.3288,1.3207,1.5098,1.4016,1.5336,1.8976,1.6134,0.2264000028371811,0.2459000051021576,0.3000999987125397,0.27239999175071716,0.30320000648498535,0.2590000033378601,0.2101999968290329,0.1906999945640564,0.23330000042915344,0.22589999437332153,0.18880000710487366,0.22450000047683716,-0.9628,-0.9628,-0.9628,-0.9628,-0.9628,-0.9628,-0.9628,-0.9628,-0.9628,-0.9628,-0.9628,-0.9628,1.0,1.0,1.0,1.0,1.0,1.0,1.0,1.0,1.0,1.0,1.0,1.0,0.4342,0.4342,0.4342,0.4342,0.4342,0.4342,0.4342,0.4342,0.4342,0.4342,0.4342,0.4342,0.3825,0.3825,0.3825,0.3825,0.3825,0.3825,0.3825,0.3825,0.3825,0.3825,0.3825,0.3825,1e-04,1e-04,1e-04,1e-04,1e-04,1e-04,1e-04,1e-04,1e-04,1e-04,1e-04,1e-04,0.4543,0.4543,0.4543,0.4543,0.4543,0.4543,0.4543,0.4543,0.4543,0.4543,0.4543,0.4543,0.3059,0.3059,0.3059,0.3059,0.3059,0.3059,0.3059,0.3059,0.3059,0.3059,0.3059,0.3059,26.9608,26.9608,26.9608,26.9608,26.9608,26.9608,26.9608,26.9608,26.9608,26.9608,26.9608,26.9608,205.4381,205.4381,205.4381,205.4381,205.4381,205.4381,205.4381,205.4381,205.4381,205.4381,205.4381,205.4381,0.808,0.808,0.808,0.808,0.808,0.808,0.808,0.808,0.808,0.808,0.808,0.808,-1.2808,-1.2808,-1.2808,-1.2808,-1.2808,-1.2808,-1.2808,-1.2808,-1.2808,-1.2808,-1.2808,-1.2808,-514.0183,-514.0183,-514.0183,-514.0183,-514.0183,-514.0183,-514.0183,-514.0183,-514.0183,-514.0183,-514.0183,-514.0183,-2.4353,-2.4353,-2.4353,-2.4353,-2.4353,-2.4353,-2.4353,-2.4353,-2.4353,-2.4353,-2.4353,-2.4353,47.882,47.882,47.882,47.882,47.882,47.882,47.882,47.882,47.882,47.882,47.882,47.882,-0.3233,0.3199,0.1523,0.1584,1e-04,-0.3585,0.0665,3.0894,4146.7407,2044.3162,2102.5735,515.766,0.0271,347.1488,17.0601,8252.256,1938.0156,1836.5623,161.4001,3.5611,1114.8186,1.2531,1.2531,1.2531,1.2531,1.2531,1.2531,1.2531,67.8289,67.8289,67.8289,67.8289,67.8289,67.8289,67.8289,23.2425,23.2425,23.2425,23.2425,23.2425,23.2425,23.2425,17.9546,17.9546,17.9546,17.9546,17.9546,17.9546,17.9546,4.2174,4.2174,4.2174,4.2174,4.2174,4.2174,4.2174,1.6297,1.6297,1.6297,1.6297,1.6297,1.6297,1.6297,13.7817,13.7817,13.7817,13.7817,13.7817,13.7817,13.7817,1.5363,9248.511,4319.178,4575.8057,96.8994,0.137,1539.1887,5.3441,5.3441,5.3441,5.3441,5.3441,5.3441,0.681,0.681,0.681,0.681,0.681,0.681,0.0068,0.0068,0.0068,0.0068,0.0068,0.0068,0.004,0.004,0.004,0.004,0.004,0.004,-0.6494,-0.6494,-0.6494,-0.6494,-0.6494,-0.6494,0.2616,0.2616,0.2616,0.2616,0.2616,0.2616,0.1108,0.1108,0.1108,0.1108,0.1108,0.1108,25.8296,0.812,0.0809,0.0547,0.002,4.8924,0.1189,61.523
AND-1-3037-03,-0.30140000581741333,-0.5414999723434448,0.045099999755620956,3.0018999576568604,-0.5917999744415283,-0.38609999418258667,1.2865999937057495,9.23799991607666,2.3954999446868896,4.57420015335083,3.171099901199341,5.399700164794922,0.5199999809265137,0.6050000190734863,0.7639999985694885,0.7728999853134155,0.671999990940094,0.671500027179718,0.6632000207901001,0.8072999715805054,0.6980000138282776,0.5699999928474426,0.5529000163078308,0.5052000284194946,0.16509999334812164,0.2883000075817108,0.4810999929904938,0.5054000020027161,0.3587999939918518,0.22450000047683716,0.19329999387264252,0.0885000005364418,0.09049999713897705,0.08789999783039093,0.09220000356435776,0.059700001031160355,0.1565999984741211,0.29159998893737793,0.4659999907016754,0.5315999984741211,0.3871000111103058,0.25029999017715454,0.18539999425411224,0.06260000169277191,0.023000000044703484,0.052299998700618744,0.05040000006556511,0.01590000092983246,0.0,0.0044999998062849045,0.020099999383091927,0.0034000000450760126,0.0,0.0,0.0,0.0,0.0,0.0,0.0,0.0,0.4529,0.0259,-0.1068,-1.394,-0.4275,-0.0773,0.8966,2.4723,1.6831,2.1297,1.8301,2.2988,0.10320000350475311,0.10440000146627426,0.12600000202655792,0.10980000346899033,0.14820000529289246,0.1136000007390976,0.1062999963760376,0.09290000051259995,0.1290999948978424,0.10119999945163727,0.10080000013113022,0.09520000219345093,2.898099899291992,0.3847000002861023,-1.3357000350952148,-1.1167000532150269,-1.4327000379562378,-1.0384999513626099,0.10740000009536743,4.591400146484375,4.616199970245361,3.9226999282836914,2.7781999111175537,6.686999797821045,1.0,1.0,1.0,1.0,1.0,1.0,1.0,1.0,1.0,1.0,1.0,1.0,0.2671999931335449,0.38940000534057617,0.6678000092506409,0.7249000072479248,0.5277000069618225,0.3921000063419342,0.3107999861240387,0.19509999454021454,0.2012999951839447,0.20200000703334808,0.20430000126361847,0.15610000491142273,0.21209999918937683,0.33399999141693115,0.6266999840736389,0.8112999796867371,0.5210000276565552,0.25279998779296875,0.20280000567436218,0.13689999282360077,0.1225999966263771,0.11180000007152557,0.10980000346899033,0.08420000225305557,0.01759999990463257,0.018300000578165054,0.020600000396370888,0.02419999986886978,0.016599999740719795,0.006500000134110451,0.004699999932199717,0.0035000001080334187,0.0020000000949949026,0.002199999988079071,0.0017000000225380063,0.001500000013038516,1.636,0.9887,-0.0359,-0.523,0.0518,0.6856,1.0343,1.8623,2.1951,2.0145,1.8147,2.4897,0.19460000097751617,0.21960000693798065,0.26750001311302185,0.2793000042438507,0.3165999948978424,0.3391999900341034,0.26829999685287476,0.1754000037908554,0.22179999947547913,0.21770000457763672,0.2248000055551529,0.1899999976158142,-1.0966,-1.0966,-1.0966,-1.0966,-1.0966,-1.0966,-1.0966,-1.0966,-1.0966,-1.0966,-1.0966,-1.0966,1.0,1.0,1.0,1.0,1.0,1.0,1.0,1.0,1.0,1.0,1.0,1.0,0.4805,0.4805,0.4805,0.4805,0.4805,0.4805,0.4805,0.4805,0.4805,0.4805,0.4805,0.4805,0.4494,0.4494,0.4494,0.4494,0.4494,0.4494,0.4494,0.4494,0.4494,0.4494,0.4494,0.4494,0.0005,0.0005,0.0005,0.0005,0.0005,0.0005,0.0005,0.0005,0.0005,0.0005,0.0005,0.0005,0.2732,0.2732,0.2732,0.2732,0.2732,0.2732,0.2732,0.2732,0.2732,0.2732,0.2732,0.2732,0.3004,0.3004,0.3004,0.3004,0.3004,0.3004,0.3004,0.3004,0.3004,0.3004,0.3004,0.3004,15.5476,15.5476,15.5476,15.5476,15.5476,15.5476,15.5476,15.5476,15.5476,15.5476,15.5476,15.5476,274.0576,274.0576,274.0576,274.0576,274.0576,274.0576,274.0576,274.0576,274.0576,274.0576,274.0576,274.0576,-0.1101,-0.1101,-0.1101,-0.1101,-0.1101,-0.1101,-0.1101,-0.1101,-0.1101,-0.1101,-0.1101,-0.1101,0.6927,0.6927,0.6927,0.6927,0.6927,0.6927,0.6927,0.6927,0.6927,0.6927,0.6927,0.6927,-490.7879,-490.7879,-490.7879,-490.7879,-490.7879,-490.7879,-490.7879,-490.7879,-490.7879,-490.7879,-490.7879,-490.7879,-1.7313,-1.7313,-1.7313,-1.7313,-1.7313,-1.7313,-1.7313,-1.7313,-1.7313,-1.7313,-1.7313,-1.7313,46.9654,46.9654,46.9654,46.9654,46.9654,46.9654,46.9654,46.9654,46.9654,46.9654,46.9654,46.9654,-0.8855,0.3068,0.1415,0.137,0.0004,0.0901,0.0696,4.7937,4102.2974,1964.2734,2055.265,230.118,-1.909,428.6896,0.7909,5263.096,1949.0247,1940.2214,107.8597,0.103,700.5206,1.2864,1.2864,1.2864,1.2864,1.2864,1.2864,1.2864,68.7561,68.7561,68.7561,68.7561,68.7561,68.7561,68.7561,23.4655,23.4655,23.4655,23.4655,23.4655,23.4655,23.4655,18.3028,18.3028,18.3028,18.3028,18.3028,18.3028,18.3028,2.3214,2.3214,2.3214,2.3214,2.3214,2.3214,2.3214,1.6156,1.6156,1.6156,1.6156,1.6156,1.6156,1.6156,13.6809,13.6809,13.6809,13.6809,13.6809,13.6809,13.6809,1.7786,8936.279,4289.354,4554.2725,43.0664,-1.2603,1322.4387,4.5373,4.5373,4.5373,4.5373,4.5373,4.5373,0.6725,0.6725,0.6725,0.6725,0.6725,0.6725,0.0091,0.0091,0.0091,0.0091,0.0091,0.0091,0.0011,0.0011,0.0011,0.0011,0.0011,0.0011,-0.699,-0.699,-0.699,-0.699,-0.699,-0.699,0.6157,0.6157,0.6157,0.6157,0.6157,0.6157,0.1128,0.1128,0.1128,0.1128,0.1128,0.1128,3.4141,0.5137,0.0804,0.0605,0.002,1.6396,0.0679,62.265
AND-1-3037-04,0.9890999794006348,1.2939000129699707,1.6291999816894531,2.264400005340576,0.23890000581741333,-0.7110000252723694,1.2156000137329102,2.770699977874756,5.5482001304626465,0.3068999946117401,3.8375000953674316,3.886199951171875,0.6700999736785889,0.5737000107765198,0.9422000050544739,0.871999979019165,0.6632999777793884,0.5443000197410583,0.6949999928474426,0.459199994802475,0.5605999827384949,0.7314000129699707,0.8454999923706055,0.6328999996185303,0.19589999318122864,0.31630000472068787,0.44850000739097595,0.40709999203681946,0.4230000078678131,0.21250000596046448,0.17419999837875366,0.09920000284910202,0.09290000051259995,0.17550000548362732,0.13590000569820404,0.0828000009059906,0.17759999632835388,0.3334999978542328,0.4700999855995178,0.42419999837875366,0.4544999897480011,0.21549999713897705,0.16580000519752502,0.08990000188350677,0.06729999929666519,0.16269999742507935,0.09709999710321426,0.04340000078082085,9.999999747378752e-05,0.0,0.0,0.00039999998989515007,0.016300000250339508,0.0,0.0,0.0,0.0,0.0,0.0,0.0,0.9286,-0.9297,-0.6576,-0.3051,-0.8503,0.1187,0.7733,1.2144,2.0417,0.7708,1.788,1.8991,0.11710000038146973,0.09700000286102295,0.14470000565052032,0.12970000505447388,0.13199999928474426,0.11490000039339066,0.10369999706745148,0.07180000096559525,0.08449999988079071,0.14090000092983246,0.1421000063419342,0.10520000010728836,1.1160999536514282,-0.2969000041484833,-0.9365000128746033,-0.553600013256073,-1.2436000108718872,0.14890000224113464,0.3547999858856201,1.351099967956543,3.5262999534606934,0.3181999921798706,1.5286999940872192,4.208000183105469,1.0,1.0,1.0,1.0,1.0,1.0,1.0,1.0,1.0,1.0,1.0,1.0,0.34540000557899475,0.4657999873161316,0.7013999819755554,0.5979999899864197,0.6881999969482422,0.3682999908924103,0.3199999928474426,0.2290000021457672,0.21850000321865082,0.32260000705718994,0.2721000015735626,0.20600000023841858,0.27320000529289246,0.4526999890804291,0.7620000243186951,0.5773000121116638,0.7906000018119812,0.3174999952316284,0.2535000145435333,0.14589999616146088,0.1768999993801117,0.23739999532699585,0.18369999527931213,0.1396999955177307,0.01209999993443489,0.01640000008046627,0.012000000104308128,0.01640000008046627,0.025499999523162842,0.006099999882280827,0.006000000052154064,0.005900000222027302,0.00800000037997961,0.0052999998442828655,0.008200000040233135,0.004800000227987766,1.3262,0.3904,-0.5634,-0.0103,-0.515,0.8693,0.9709,1.4491,1.5546,1.1272,1.4464,1.967,0.2354000061750412,0.2184000015258789,0.29179999232292175,0.24140000343322754,0.3224000036716461,0.24160000681877136,0.2176000028848648,0.20229999721050262,0.16429999470710754,0.2759999930858612,0.24009999632835388,0.19679999351501465,-0.9414,-0.9414,-0.9414,-0.9414,-0.9414,-0.9414,-0.9414,-0.9414,-0.9414,-0.9414,-0.9414,-0.9414,1.0,1.0,1.0,1.0,1.0,1.0,1.0,1.0,1.0,1.0,1.0,1.0,0.4402,0.4402,0.4402,0.4402,0.4402,0.4402,0.4402,0.4402,0.4402,0.4402,0.4402,0.4402,0.3822,0.3822,0.3822,0.3822,0.3822,0.3822,0.3822,0.3822,0.3822,0.3822,0.3822,0.3822,0.0,0.0,0.0,0.0,0.0,0.0,0.0,0.0,0.0,0.0,0.0,0.0,0.4777,0.4777,0.4777,0.4777,0.4777,0.4777,0.4777,0.4777,0.4777,0.4777,0.4777,0.4777,0.3011,0.3011,0.3011,0.3011,0.3011,0.3011,0.3011,0.3011,0.3011,0.3011,0.3011,0.3011,11.9404,11.9404,11.9404,11.9404,11.9404,11.9404,11.9404,11.9404,11.9404,11.9404,11.9404,11.9404,223.25,223.25,223.25,223.25,223.25,223.25,223.25,223.25,223.25,223.25,223.25,223.25,0.7306,0.7306,0.7306,0.7306,0.7306,0.7306,0.7306,0.7306,0.7306,0.7306,0.7306,0.7306,-0.7562,-0.7562,-0.7562,-0.7562,-0.7562,-0.7562,-0.7562,-0.7562,-0.7562,-0.7562,-0.7562,-0.7562,-538.6901,-538.6901,-538.6901,-538.6901,-538.6901,-538.6901,-538.6901,-538.6901,-538.6901,-538.6901,-538.6901,-538.6901,-0.7258,-0.7258,-0.7258,-0.7258,-0.7258,-0.7258,-0.7258,-0.7258,-0.7258,-0.7258,-0.7258,-0.7258,44.6286,44.6286,44.6286,44.6286,44.6286,44.6286,44.6286,44.6286,44.6286,44.6286,44.6286,44.6286,0.2514,0.3453,0.1552,0.1612,0.0,-0.0541,0.0615,1.1457,2757.8306,1803.9279,1837.4796,0.0,-0.5487,359.3524,1.1962,5483.763,1777.542,1729.0018,0.0,0.6988,711.3755,1.4195,1.4195,1.4195,1.4195,1.4195,1.4195,1.4195,64.5571,64.5571,64.5571,64.5571,64.5571,64.5571,64.5571,22.7203,22.7203,22.7203,22.7203,22.7203,22.7203,22.7203,17.9323,17.9323,17.9323,17.9323,17.9323,17.9323,17.9323,2.0768,2.0768,2.0768,2.0768,2.0768,2.0768,2.0768,1.6588,1.6588,1.6588,1.6588,1.6588,1.6588,1.6588,13.1737,13.1737,13.1737,13.1737,13.1737,13.1737,13.1737,-0.2396,8257.983,3746.9717,3832.91,0.0,-0.2551,1286.0706,3.5546,3.5546,3.5546,3.5546,3.5546,3.5546,0.6633,0.6633,0.6633,0.6633,0.6633,0.6633,-0.0096,-0.0096,-0.0096,-0.0096,-0.0096,-0.0096,-0.0029,-0.0029,-0.0029,-0.0029,-0.0029,-0.0029,-0.7053,-0.7053,-0.7053,-0.7053,-0.7053,-0.7053,-0.1418,-0.1418,-0.1418,-0.1418,-0.1418,-0.1418,0.1207,0.1207,0.1207,0.1207,0.1207,0.1207,5.6097,0.5293,0.0799,0.061,0.0,2.0131,0.0651,62.265
AND-1-3037-05,0.12729999423027039,0.8256999850273132,0.27149999141693115,-0.5271000266075134,1.1866999864578247,1.1765999794006348,1.7095999717712402,-0.5619000196456909,1.4219000339508057,1.486899971961975,0.7738999724388123,-0.7537000179290771,0.6362000107765198,0.7531999945640564,0.7556999921798706,0.6898999810218811,0.7365000247955322,0.642300009727478,0.6559000015258789,0.621999979019165,0.5782999992370605,0.857200026512146,0.7519999742507935,0.6205000281333923,0.19670000672340393,0.3174999952316284,0.4702000021934509,0.42910000681877136,0.19850000739097595,0.13930000364780426,0.14470000565052032,0.20589999854564667,0.12020000070333481,0.1761000007390976,0.15369999408721924,0.17440000176429749,0.1834000051021576,0.32330000400543213,0.5320000052452087,0.48590001463890076,0.1859000027179718,0.11540000140666962,0.12939999997615814,0.19020000100135803,0.06920000165700912,0.14159999787807465,0.0940999984741211,0.14059999585151672,0.0,0.0,0.0,0.0,0.0,0.0,0.0,0.0,0.0,0.0,0.0,0.0,0.661,-0.285,-1.0725,-0.743,0.7769,1.0614,1.1084,0.4272,1.4928,1.3082,1.2072,0.5862,0.12229999899864197,0.10670000314712524,0.1662999987602234,0.17430000007152557,0.125900000333786,0.10890000313520432,0.11129999905824661,0.1315000057220459,0.12250000238418579,0.1656000018119812,0.1615000069141388,0.15289999544620514,1.3299000263214111,0.04190000146627426,-0.8812000155448914,-1.3170000314712524,0.009999999776482582,1.3554999828338623,1.4175000190734863,0.7717999815940857,2.330899953842163,0.614300012588501,0.9399999976158142,0.1606999933719635,1.0,1.0,1.0,1.0,1.0,1.0,1.0,1.0,1.0,1.0,1.0,1.0,0.32690000534057617,0.45010000467300415,0.7159000039100647,0.6567999720573425,0.33320000767707825,0.262800008058548,0.2734000086784363,0.33629998564720154,0.24210000038146973,0.3206999897956848,0.2939999997615814,0.31529998779296875,0.26260000467300415,0.39590001106262207,0.8030999898910522,0.6990000009536743,0.2597000002861023,0.19099999964237213,0.20469999313354492,0.2858999967575073,0.17419999837875366,0.21799999475479126,0.20010000467300415,0.19599999487400055,0.027000000700354576,0.02250000089406967,0.012400000356137753,0.009100000374019146,0.006599999964237213,0.0071000000461936,0.009100000374019146,0.009499999694526196,0.006500000134110451,0.009700000286102295,0.007499999832361937,0.006899999920278788,1.3321,0.8335,-0.6772,-0.3368,0.8955,1.2585,1.2654,1.0881,1.5764,1.2982,1.3529,1.1427,0.22460000216960907,0.22939999401569366,0.295199990272522,0.31450000405311584,0.23270000517368317,0.21699999272823334,0.2085999995470047,0.24089999496936798,0.22339999675750732,0.2773999869823456,0.2694999873638153,0.2881999909877777,-1.0279,-1.0279,-1.0279,-1.0279,-1.0279,-1.0279,-1.0279,-1.0279,-1.0279,-1.0279,-1.0279,-1.0279,1.0,1.0,1.0,1.0,1.0,1.0,1.0,1.0,1.0,1.0,1.0,1.0,0.4638,0.4638,0.4638,0.4638,0.4638,0.4638,0.4638,0.4638,0.4638,0.4638,0.4638,0.4638,0.4144,0.4144,0.4144,0.4144,0.4144,0.4144,0.4144,0.4144,0.4144,0.4144,0.4144,0.4144,0.0012,0.0012,0.0012,0.0012,0.0012,0.0012,0.0012,0.0012,0.0012,0.0012,0.0012,0.0012,0.3906,0.3906,0.3906,0.3906,0.3906,0.3906,0.3906,0.3906,0.3906,0.3906,0.3906,0.3906,0.2984,0.2984,0.2984,0.2984,0.2984,0.2984,0.2984,0.2984,0.2984,0.2984,0.2984,0.2984,38.4475,38.4475,38.4475,38.4475,38.4475,38.4475,38.4475,38.4475,38.4475,38.4475,38.4475,38.4475,278.7882,278.7882,278.7882,278.7882,278.7882,278.7882,278.7882,278.7882,278.7882,278.7882,278.7882,278.7882,-0.1786,-0.1786,-0.1786,-0.1786,-0.1786,-0.1786,-0.1786,-0.1786,-0.1786,-0.1786,-0.1786,-0.1786,-2.5609,-2.5609,-2.5609,-2.5609,-2.5609,-2.5609,-2.5609,-2.5609,-2.5609,-2.5609,-2.5609,-2.5609,-836.0266,-836.0266,-836.0266,-836.0266,-836.0266,-836.0266,-836.0266,-836.0266,-836.0266,-836.0266,-836.0266,-836.0266,-2.7353,-2.7353,-2.7353,-2.7353,-2.7353,-2.7353,-2.7353,-2.7353,-2.7353,-2.7353,-2.7353,-2.7353,52.3779,52.3779,52.3779,52.3779,52.3779,52.3779,52.3779,52.3779,52.3779,52.3779,52.3779,52.3779,0.0761,0.3466,0.1474,0.1439,1e-04,0.3567,0.0652,0.5522,4189.747,1707.5022,1880.1178,187.9548,-0.7798,573.7884,7.5158,8094.951,1735.653,1805.372,49.3189,1.0787,833.3979,1.325,1.325,1.325,1.325,1.325,1.325,1.325,66.5512,66.5512,66.5512,66.5512,66.5512,66.5512,66.5512,23.3684,23.3684,23.3684,23.3684,23.3684,23.3684,23.3684,18.5569,18.5569,18.5569,18.5569,18.5569,18.5569,18.5569,3.6904,3.6904,3.6904,3.6904,3.6904,3.6904,3.6904,1.5885,1.5885,1.5885,1.5885,1.5885,1.5885,1.5885,12.9362,12.9362,12.9362,12.9362,12.9362,12.9362,12.9362,0.1463,9183.911,3613.442,3897.5095,43.0664,-0.4045,1619.872,5.093,5.093,5.093,5.093,5.093,5.093,0.6583,0.6583,0.6583,0.6583,0.6583,0.6583,-0.013,-0.013,-0.013,-0.013,-0.013,-0.013,-0.0046,-0.0046,-0.0046,-0.0046,-0.0046,-0.0046,-0.658,-0.658,-0.658,-0.658,-0.658,-0.658,-0.3248,-0.3248,-0.3248,-0.3248,-0.3248,-0.3248,0.1038,0.1038,0.1038,0.1038,0.1038,0.1038,25.47,0.7974,0.0805,0.0698,0.0015,3.2732,0.0637,63.802
AND-1-3037-06,0.5564000010490417,-0.06809999793767929,0.3167000114917755,-0.0568000003695488,-0.19449999928474426,-0.11129999905824661,0.3707999885082245,3.034600019454956,0.7063999772071838,0.6313999891281128,0.8621000051498413,1.5200999975204468,0.7045999765396118,0.567799985408783,0.7336000204086304,0.8938999772071838,0.8860999941825867,0.6866000294685364,0.5170000195503235,0.4763000011444092,0.46650001406669617,0.666100025177002,0.5424000024795532,0.6904000043869019,0.2304999977350235,0.2524999976158142,0.4359999895095825,0.44209998846054077,0.387800008058548,0.24770000576972961,0.15929999947547913,0.09929999709129333,0.12600000202655792,0.147599995136261,0.12620000541210175,0.13510000705718994,0.19789999723434448,0.24500000476837158,0.4652999937534332,0.453900009393692,0.4016000032424927,0.2370000034570694,0.1378999948501587,0.07840000092983246,0.09860000014305115,0.10930000245571136,0.0966000035405159,0.10379999876022339,0.009800000116229057,0.018699999898672104,0.0027000000700354576,0.029600000008940697,0.00419999985024333,0.0,0.0,9.999999747378752e-05,0.0,0.0,0.0,0.0,1.0065,0.3774,-0.8286,-0.1118,-0.1197,0.4638,0.897,1.5942,1.1391,1.0832,1.1077,1.247,0.1429000049829483,0.09690000116825104,0.12449999898672104,0.13089999556541443,0.1559000015258789,0.13050000369548798,0.11240000277757645,0.08299999684095383,0.10140000283718109,0.13989999890327454,0.10670000314712524,0.11919999867677689,-0.016699999570846558,0.7067000269889832,-1.1404999494552612,-1.318600058555603,-1.5051000118255615,-0.7073000073432922,0.6876999735832214,3.702199935913086,2.6844000816345215,1.0532000064849854,2.7146999835968018,1.6730999946594238,1.0,1.0,1.0,1.0,1.0,1.0,1.0,1.0,1.0,1.0,1.0,1.0,0.3837999999523163,0.3887999951839447,0.6407999992370605,0.6722999811172485,0.6111999750137329,0.4120999872684479,0.3098999857902527,0.23280000686645508,0.2531000077724457,0.29179999232292175,0.2621999979019165,0.26600000262260437,0.29030001163482666,0.3368000090122223,0.6563000082969666,0.7073000073432922,0.6398000121116638,0.34389999508857727,0.23109999299049377,0.16539999842643738,0.1995999962091446,0.20069999992847443,0.19359999895095825,0.19059999287128448,0.03220000118017197,0.042500000447034836,0.04659999907016754,0.04320000112056732,0.02500000037252903,0.009200000204145908,0.00860000029206276,0.007000000216066837,0.007199999876320362,0.008700000122189522,0.007600000128149986,0.006099999882280827,1.0543,1.088,-0.2278,-0.3103,-0.1534,0.6255,1.1534,1.7858,1.5625,1.3618,1.6408,1.403,0.27889999747276306,0.22089999914169312,0.2766999900341034,0.29330000281333923,0.32269999384880066,0.28349998593330383,0.25189998745918274,0.19629999995231628,0.19089999794960022,0.2597000002861023,0.20800000429153442,0.22139999270439148,-0.9663,-0.9663,-0.9663,-0.9663,-0.9663,-0.9663,-0.9663,-0.9663,-0.9663,-0.9663,-0.9663,-0.9663,1.0,1.0,1.0,1.0,1.0,1.0,1.0,1.0,1.0,1.0,1.0,1.0,0.4936,0.4936,0.4936,0.4936,0.4936,0.4936,0.4936,0.4936,0.4936,0.4936,0.4936,0.4936,0.4545,0.4545,0.4545,0.4545,0.4545,0.4545,0.4545,0.4545,0.4545,0.4545,0.4545,0.4545,0.0005,0.0005,0.0005,0.0005,0.0005,0.0005,0.0005,0.0005,0.0005,0.0005,0.0005,0.0005,0.334,0.334,0.334,0.334,0.334,0.334,0.334,0.334,0.334,0.334,0.334,0.334,0.282,0.282,0.282,0.282,0.282,0.282,0.282,0.282,0.282,0.282,0.282,0.282,7.0997,7.0997,7.0997,7.0997,7.0997,7.0997,7.0997,7.0997,7.0997,7.0997,7.0997,7.0997,205.8359,205.8359,205.8359,205.8359,205.8359,205.8359,205.8359,205.8359,205.8359,205.8359,205.8359,205.8359,-0.0266,-0.0266,-0.0266,-0.0266,-0.0266,-0.0266,-0.0266,-0.0266,-0.0266,-0.0266,-0.0266,-0.0266,-2.8727,-2.8727,-2.8727,-2.8727,-2.8727,-2.8727,-2.8727,-2.8727,-2.8727,-2.8727,-2.8727,-2.8727,-489.491,-489.491,-489.491,-489.491,-489.491,-489.491,-489.491,-489.491,-489.491,-489.491,-489.491,-489.491,0.2537,0.2537,0.2537,0.2537,0.2537,0.2537,0.2537,0.2537,0.2537,0.2537,0.2537,0.2537,40.6079,40.6079,40.6079,40.6079,40.6079,40.6079,40.6079,40.6079,40.6079,40.6079,40.6079,40.6079,1.0105,0.3295,0.1387,0.13,1e-04,0.9471,0.0544,6.3556,4056.3723,1830.7046,1876.4338,379.0352,-1.8166,303.9266,8.6982,8052.906,1899.2856,1917.044,218.5101,0.6874,570.221,1.4864,1.4864,1.4864,1.4864,1.4864,1.4864,1.4864,63.2905,63.2905,63.2905,63.2905,63.2905,63.2905,63.2905,22.0915,22.0915,22.0915,22.0915,22.0915,22.0915,22.0915,16.9341,16.9341,16.9341,16.9341,16.9341,16.9341,16.9341,4.5837,4.5837,4.5837,4.5837,4.5837,4.5837,4.5837,1.7159,1.7159,1.7159,1.7159,1.7159,1.7159,1.7159,13.3942,13.3942,13.3942,13.3942,13.3942,13.3942,13.3942,1.8283,9183.911,4007.2437,4102.075,258.3984,-0.8612,1015.5494,4.446,4.446,4.446,4.446,4.446,4.446,0.6126,0.6126,0.6126,0.6126,0.6126,0.6126,0.0037,0.0037,0.0037,0.0037,0.0037,0.0037,0.0018,0.0018,0.0018,0.0018,0.0018,0.0018,-0.6492,-0.6492,-0.6492,-0.6492,-0.6492,-0.6492,-0.1421,-0.1421,-0.1421,-0.1421,-0.1421,-0.1421,0.0943,0.0943,0.0943,0.0943,0.0943,0.0943,18.7548,0.793,0.0898,0.0815,0.002,2.2244,0.055,63.024
AND-1-3037-07,0.461899995803833,-0.22529999911785126,0.3303999900817871,-0.7569000124931335,0.7038000226020813,2.2864999771118164,4.968200206756592,5.164899826049805,4.848499774932861,1.232200026512146,0.5544000267982483,1.3127000331878662,0.7904000282287598,0.9212999939918518,0.8305000066757202,0.7720999717712402,0.7275999784469604,0.6046000123023987,0.635699987411499,0.5108000040054321,0.44839999079704285,0.5537999868392944,0.7028999924659729,0.5787000060081482,0.19820000231266022,0.39570000767707825,0.5293999910354614,0.43959999084472656,0.19670000672340393,0.09759999811649323,0.09390000253915787,0.09200000017881393,0.07370000332593918,0.12039999663829803,0.14720000326633453,0.10490000247955322,0.18379999697208405,0.3625999987125397,0.5566999912261963,0.4684999883174896,0.17980000376701355,0.05180000141263008,0.06530000269412994,0.07620000094175339,0.05829999968409538,0.08569999784231186,0.09139999747276306,0.04969999939203262,0.0,0.0017000000225380063,0.04569999873638153,9.999999747378752e-05,0.0,0.0,0.0,0.0,0.0,0.0,0.0,0.0,0.7381,0.5717,-0.8487,-0.4736,0.8632,1.5821,2.155,1.8265,1.8875,1.2841,1.1741,1.5058,0.13459999859333038,0.17790000140666962,0.15279999375343323,0.18050000071525574,0.13079999387264252,0.11739999800920486,0.10760000348091125,0.08410000056028366,0.06870000064373016,0.10819999873638153,0.1534000039100647,0.13179999589920044,2.343600034713745,-1.0814000368118286,-1.1682000160217285,-1.277899980545044,3.2370998859405518,6.939499855041504,6.662799835205078,3.734499931335449,3.5622000694274902,3.2776999473571777,1.9431999921798706,3.8833000659942627,1.0,1.0,1.0,1.0,1.0,1.0,1.0,1.0,1.0,1.0,1.0,1.0,0.27959999442100525,0.5002999901771545,0.7321000099182129,0.5882999897003174,0.27889999747276306,0.19550000131130219,0.18770000338554382,0.17350000143051147,0.15729999542236328,0.2092999964952469,0.24040000140666962,0.19220000505447388,0.219200000166893,0.4032999873161316,0.9624000191688538,0.6496000289916992,0.2223999947309494,0.1331000030040741,0.12610000371932983,0.10360000282526016,0.10119999945163727,0.1446000039577484,0.14229999482631683,0.10859999805688858,0.019700000062584877,0.029100000858306885,0.02239999920129776,0.00930000003427267,0.010599999688565731,0.005799999926239252,0.004600000102072954,0.00430000014603138,0.0015999999595806003,0.0,9.999999747378752e-05,0.0,1.5471,0.5904,-0.6731,-0.2607,1.7888,2.6165,2.4732,1.796,1.6769,1.7421,1.6242,2.0332,0.20990000665187836,0.299699991941452,0.3199999928474426,0.3151000142097473,0.219200000166893,0.19979999959468842,0.19439999759197235,0.17790000140666962,0.14920000731945038,0.19789999723434448,0.2547999918460846,0.22339999675750732,-1.0926,-1.0926,-1.0926,-1.0926,-1.0926,-1.0926,-1.0926,-1.0926,-1.0926,-1.0926,-1.0926,-1.0926,1.0,1.0,1.0,1.0,1.0,1.0,1.0,1.0,1.0,1.0,1.0,1.0,0.4936,0.4936,0.4936,0.4936,0.4936,0.4936,0.4936,0.4936,0.4936,0.4936,0.4936,0.4936,0.459,0.459,0.459,0.459,0.459,0.459,0.459,0.459,0.459,0.459,0.459,0.459,0.0004,0.0004,0.0004,0.0004,0.0004,0.0004,0.0004,0.0004,0.0004,0.0004,0.0004,0.0004,0.2594,0.2594,0.2594,0.2594,0.2594,0.2594,0.2594,0.2594,0.2594,0.2594,0.2594,0.2594,0.2937,0.2937,0.2937,0.2937,0.2937,0.2937,0.2937,0.2937,0.2937,0.2937,0.2937,0.2937,50.8565,50.8565,50.8565,50.8565,50.8565,50.8565,50.8565,50.8565,50.8565,50.8565,50.8565,50.8565,252.2783,252.2783,252.2783,252.2783,252.2783,252.2783,252.2783,252.2783,252.2783,252.2783,252.2783,252.2783,0.1861,0.1861,0.1861,0.1861,0.1861,0.1861,0.1861,0.1861,0.1861,0.1861,0.1861,0.1861,0.1691,0.1691,0.1691,0.1691,0.1691,0.1691,0.1691,0.1691,0.1691,0.1691,0.1691,0.1691,-839.6625,-839.6625,-839.6625,-839.6625,-839.6625,-839.6625,-839.6625,-839.6625,-839.6625,-839.6625,-839.6625,-839.6625,-3.8208,-3.8208,-3.8208,-3.8208,-3.8208,-3.8208,-3.8208,-3.8208,-3.8208,-3.8208,-3.8208,-3.8208,54.8306,54.8306,54.8306,54.8306,54.8306,54.8306,54.8306,54.8306,54.8306,54.8306,54.8306,54.8306,-0.4934,0.3857,0.1586,0.1586,1e-04,0.2279,0.0817,4.581,4216.9136,1669.7247,1679.7618,370.6896,0.6895,446.1684,17.095,8101.2793,1559.4598,1536.1165,82.1788,2.5867,757.5576,1.1991,1.1991,1.1991,1.1991,1.1991,1.1991,1.1991,66.6894,66.6894,66.6894,66.6894,66.6894,66.6894,66.6894,22.9443,22.9443,22.9443,22.9443,22.9443,22.9443,22.9443,18.2522,18.2522,18.2522,18.2522,18.2522,18.2522,18.2522,3.3833,3.3833,3.3833,3.3833,3.3833,3.3833,3.3833,1.5624,1.5624,1.5624,1.5624,1.5624,1.5624,1.5624,12.7247,12.7247,12.7247,12.7247,12.7247,12.7247,12.7247,2.3269,9205.444,3374.5337,3574.5117,43.0664,0.2577,1401.9408,5.4209,5.4209,5.4209,5.4209,5.4209,5.4209,0.641,0.641,0.641,0.641,0.641,0.641,0.0122,0.0122,0.0122,0.0122,0.0122,0.0122,0.0037,0.0037,0.0037,0.0037,0.0037,0.0037,-0.6022,-0.6022,-0.6022,-0.6022,-0.6022,-0.6022,0.6188,0.6188,0.6188,0.6188,0.6188,0.6188,0.0975,0.0975,0.0975,0.0975,0.0975,0.0975,35.3928,0.7974,0.0655,0.0483,0.002,4.4112,0.0671,62.265
AND-1-3037-08,-0.3977000117301941,1.2755000591278076,-0.7929999828338623,-0.2542000114917755,-0.447299987077713,0.4562999904155731,0.16680000722408295,-0.6320000290870667,0.8741999864578247,-0.33000001311302185,2.113600015640259,-0.25619998574256897,0.635699987411499,0.8406000137329102,0.8475000262260437,0.6761999726295471,0.661899983882904,0.8342999815940857,0.6218000054359436,0.6093000173568726,0.5073999762535095,0.7084000110626221,0.8112000226974487,0.6086000204086304,0.23119999468326569,0.3926999866962433,0.4002000093460083,0.34880000352859497,0.23240000009536743,0.20350000262260437,0.13989999890327454,0.19840000569820404,0.12919999659061432,0.23489999771118164,0.17170000076293945,0.20309999585151672,0.22210000455379486,0.3763999938964844,0.42739999294281006,0.39590001106262207,0.241799995303154,0.16689999401569366,0.13750000298023224,0.18559999763965607,0.1160999983549118,0.23360000550746918,0.14900000393390656,0.17389999330043793,0.0,0.0,0.0,0.0,0.0,0.0,0.0,0.0,0.0,0.0,0.0,0.0,0.4176,0.4073,-0.3734,-0.6912,0.1074,0.923,0.5101,0.4561,0.9767,0.3229,1.2176,0.7023,0.12380000203847885,0.133200004696846,0.1761000007390976,0.13420000672340393,0.13760000467300415,0.1509000062942505,0.0966000035405159,0.13850000500679016,0.09220000356435776,0.14090000092983246,0.12120000272989273,0.1347000002861023,0.16359999775886536,-0.8269000053405762,-1.5650999546051025,-0.7426999807357788,0.17990000545978546,0.46459999680519104,0.7986999750137329,-0.38269999623298645,1.4816999435424805,-0.6557999849319458,0.6237999796867371,0.021400000900030136,1.0,1.0,1.0,1.0,1.0,1.0,1.0,1.0,1.0,1.0,1.0,1.0,0.38989999890327454,0.5709999799728394,0.6438999772071838,0.527899980545044,0.3767000138759613,0.3490999937057495,0.28189998865127563,0.36559998989105225,0.27469998598098755,0.4092999994754791,0.3190000057220459,0.35690000653266907,0.3203999996185303,0.5085999965667725,0.6574000120162964,0.5546000003814697,0.335099995136261,0.2906000018119812,0.23839999735355377,0.2727999985218048,0.21819999814033508,0.3262999951839447,0.23829999566078186,0.2867000102996826,0.023099999874830246,0.023099999874830246,0.011699999682605267,0.00989999994635582,0.006599999964237213,0.002899999963119626,0.00430000014603138,0.00419999985024333,0.00800000037997961,0.009399999864399433,0.01269999984651804,0.010200000368058681,1.0122,0.3266,-0.2134,-0.0608,0.8153,1.0675,0.9889,0.8488,1.3092,0.7237,1.1865,0.926,0.25119999051094055,0.25780001282691956,0.3393000066280365,0.25189998745918274,0.24310000240802765,0.2637999951839447,0.2029999941587448,0.2879999876022339,0.21199999749660492,0.2985999882221222,0.25679999589920044,0.258899986743927,-1.0241,-1.0241,-1.0241,-1.0241,-1.0241,-1.0241,-1.0241,-1.0241,-1.0241,-1.0241,-1.0241,-1.0241,1.0,1.0,1.0,1.0,1.0,1.0,1.0,1.0,1.0,1.0,1.0,1.0,0.4893,0.4893,0.4893,0.4893,0.4893,0.4893,0.4893,0.4893,0.4893,0.4893,0.4893,0.4893,0.4609,0.4609,0.4609,0.4609,0.4609,0.4609,0.4609,0.4609,0.4609,0.4609,0.4609,0.4609,0.0008,0.0008,0.0008,0.0008,0.0008,0.0008,0.0008,0.0008,0.0008,0.0008,0.0008,0.0008,0.2456,0.2456,0.2456,0.2456,0.2456,0.2456,0.2456,0.2456,0.2456,0.2456,0.2456,0.2456,0.2917,0.2917,0.2917,0.2917,0.2917,0.2917,0.2917,0.2917,0.2917,0.2917,0.2917,0.2917,9.2949,9.2949,9.2949,9.2949,9.2949,9.2949,9.2949,9.2949,9.2949,9.2949,9.2949,9.2949,243.1936,243.1936,243.1936,243.1936,243.1936,243.1936,243.1936,243.1936,243.1936,243.1936,243.1936,243.1936,1.042,1.042,1.042,1.042,1.042,1.042,1.042,1.042,1.042,1.042,1.042,1.042,-3.1022,-3.1022,-3.1022,-3.1022,-3.1022,-3.1022,-3.1022,-3.1022,-3.1022,-3.1022,-3.1022,-3.1022,-509.536,-509.536,-509.536,-509.536,-509.536,-509.536,-509.536,-509.536,-509.536,-509.536,-509.536,-509.536,-0.0447,-0.0447,-0.0447,-0.0447,-0.0447,-0.0447,-0.0447,-0.0447,-0.0447,-0.0447,-0.0447,-0.0447,42.3785,42.3785,42.3785,42.3785,42.3785,42.3785,42.3785,42.3785,42.3785,42.3785,42.3785,42.3785,0.4906,0.3124,0.1425,0.1407,1e-04,0.1581,0.0517,1.9398,4044.6404,1860.2725,1961.9498,427.1404,-1.0007,353.0767,-0.1341,5913.7573,1896.1292,1967.4272,285.8072,-0.2187,586.1725,1.4457,1.4457,1.4457,1.4457,1.4457,1.4457,1.4457,67.1463,67.1463,67.1463,67.1463,67.1463,67.1463,67.1463,22.1783,22.1783,22.1783,22.1783,22.1783,22.1783,22.1783,16.8445,16.8445,16.8445,16.8445,16.8445,16.8445,16.8445,2.7532,2.7532,2.7532,2.7532,2.7532,2.7532,2.7532,1.6893,1.6893,1.6893,1.6893,1.6893,1.6893,1.6893,13.4756,13.4756,13.4756,13.4756,13.4756,13.4756,13.4756,0.5744,9108.545,4038.4497,4306.6406,366.0644,-0.8703,1169.8774,6.537,6.537,6.537,6.537,6.537,6.537,0.6236,0.6236,0.6236,0.6236,0.6236,0.6236,-0.0098,-0.0098,-0.0098,-0.0098,-0.0098,-0.0098,-0.0078,-0.0078,-0.0078,-0.0078,-0.0078,-0.0078,-0.6385,-0.6385,-0.6385,-0.6385,-0.6385,-0.6385,0.4678,0.4678,0.4678,0.4678,0.4678,0.4678,0.0943,0.0943,0.0943,0.0943,0.0943,0.0943,2.4837,0.4956,0.0853,0.0791,0.0039,1.0346,0.0487,58.727
AND-1-3037-09,0.09570000320672989,2.0202999114990234,0.45489999651908875,0.5877000093460083,-0.31529998779296875,-0.037700001150369644,1.1059000492095947,2.6944000720977783,4.013899803161621,-0.19110000133514404,0.040300000458955765,2.3696000576019287,0.5909000039100647,0.656000018119812,0.8011000156402588,0.8125,0.656000018119812,0.6136999726295471,0.6934999823570251,0.583899974822998,0.4878999888896942,0.6801999807357788,0.6575999855995178,0.8359000086784363,0.17339999973773956,0.35510000586509705,0.5022000074386597,0.40860000252723694,0.20319999754428864,0.17440000176429749,0.16290000081062317,0.1395999938249588,0.08739999681711197,0.20990000665187836,0.148499995470047,0.10989999771118164,0.1527000069618225,0.37720000743865967,0.5480999946594238,0.43209999799728394,0.19280000030994415,0.13050000369548798,0.11169999837875366,0.1274999976158142,0.0697999969124794,0.16140000522136688,0.09319999814033508,0.03790000081062317,0.0,0.0005000000237487257,0.0,0.0,0.0,0.0,0.0,0.0,0.0,0.0,0.0,0.0,0.7322,-1.2493,-0.9899,-0.4075,0.4029,0.8666,1.3479,1.3363,1.7589,0.907,1.0108,1.7615,0.125,0.09629999846220016,0.15199999511241913,0.15379999577999115,0.12999999523162842,0.14470000565052032,0.15199999511241913,0.1046999990940094,0.07329999655485153,0.16279999911785126,0.1453000009059906,0.1565999984741211,1.9483000040054321,0.6482999920845032,-1.170799970626831,-0.9334999918937683,0.9218000173568726,1.0825999975204468,1.4641000032424927,1.9341000318527222,3.1558001041412354,0.0860000029206276,1.8992999792099,3.346299886703491,1.0,1.0,1.0,1.0,1.0,1.0,1.0,1.0,1.0,1.0,1.0,1.0,0.28380000591278076,0.4521999955177307,0.7364000082015991,0.5564000010490417,0.31279999017715454,0.29490000009536743,0.28360000252723694,0.24310000240802765,0.19460000097751617,0.3391000032424927,0.25679999589920044,0.21549999713897705,0.21809999644756317,0.4284999966621399,0.9959999918937683,0.5347999930381775,0.26600000262260437,0.20810000598430634,0.19370000064373016,0.16940000653266907,0.13600000739097595,0.2513999938964844,0.18459999561309814,0.12610000371932983,0.02329999953508377,0.022099999710917473,0.013399999588727951,0.007600000128149986,0.006800000090152025,0.0032999999821186066,0.0027000000700354576,0.0020000000949949026,0.0034000000450760126,0.005400000140070915,0.0052999998442828655,0.002899999963119626,1.4914,0.6994,-0.655,0.1085,1.1339,1.4243,1.4784,1.4587,1.5966,1.0609,1.5034,1.9656,0.218299999833107,0.20100000500679016,0.31439998745918274,0.2685999870300293,0.2304999977350235,0.2791999876499176,0.267300009727478,0.21719999611377716,0.17489999532699585,0.28859999775886536,0.23680000007152557,0.2395000010728836,-1.1165,-1.1165,-1.1165,-1.1165,-1.1165,-1.1165,-1.1165,-1.1165,-1.1165,-1.1165,-1.1165,-1.1165,1.0,1.0,1.0,1.0,1.0,1.0,1.0,1.0,1.0,1.0,1.0,1.0,0.4365,0.4365,0.4365,0.4365,0.4365,0.4365,0.4365,0.4365,0.4365,0.4365,0.4365,0.4365,0.3856,0.3856,0.3856,0.3856,0.3856,0.3856,0.3856,0.3856,0.3856,0.3856,0.3856,0.3856,1e-04,1e-04,1e-04,1e-04,1e-04,1e-04,1e-04,1e-04,1e-04,1e-04,1e-04,1e-04,0.3747,0.3747,0.3747,0.3747,0.3747,0.3747,0.3747,0.3747,0.3747,0.3747,0.3747,0.3747,0.3185,0.3185,0.3185,0.3185,0.3185,0.3185,0.3185,0.3185,0.3185,0.3185,0.3185,0.3185,36.5183,36.5183,36.5183,36.5183,36.5183,36.5183,36.5183,36.5183,36.5183,36.5183,36.5183,36.5183,241.3674,241.3674,241.3674,241.3674,241.3674,241.3674,241.3674,241.3674,241.3674,241.3674,241.3674,241.3674,-2.431,-2.431,-2.431,-2.431,-2.431,-2.431,-2.431,-2.431,-2.431,-2.431,-2.431,-2.431,-2.9858,-2.9858,-2.9858,-2.9858,-2.9858,-2.9858,-2.9858,-2.9858,-2.9858,-2.9858,-2.9858,-2.9858,-745.2591,-745.2591,-745.2591,-745.2591,-745.2591,-745.2591,-745.2591,-745.2591,-745.2591,-745.2591,-745.2591,-745.2591,-3.2348,-3.2348,-3.2348,-3.2348,-3.2348,-3.2348,-3.2348,-3.2348,-3.2348,-3.2348,-3.2348,-3.2348,50.2943,50.2943,50.2943,50.2943,50.2943,50.2943,50.2943,50.2943,50.2943,50.2943,50.2943,50.2943,-0.4675,0.3871,0.1656,0.1736,1e-04,0.0547,0.086,1.3742,3214.5913,1963.077,2021.0476,369.7691,-0.7983,425.0276,3.5126,7455.01,1871.066,1792.1508,127.622,1.16,863.4084,1.2485,1.2485,1.2485,1.2485,1.2485,1.2485,1.2485,78.707,78.707,78.707,78.707,78.707,78.707,78.707,23.3885,23.3885,23.3885,23.3885,23.3885,23.3885,23.3885,18.0395,18.0395,18.0395,18.0395,18.0395,18.0395,18.0395,2.9102,2.9102,2.9102,2.9102,2.9102,2.9102,2.9102,1.6114,1.6114,1.6114,1.6114,1.6114,1.6114,1.6114,13.8631,13.8631,13.8631,13.8631,13.8631,13.8631,13.8631,-0.0801,9183.911,4065.7388,4198.9746,118.4326,-0.1027,1607.6835,4.8719,4.8719,4.8719,4.8719,4.8719,4.8719,0.7026,0.7026,0.7026,0.7026,0.7026,0.7026,0.0057,0.0057,0.0057,0.0057,0.0057,0.0057,0.0032,0.0032,0.0032,0.0032,0.0032,0.0032,-0.7257,-0.7257,-0.7257,-0.7257,-0.7257,-0.7257,0.0959,0.0959,0.0959,0.0959,0.0959,0.0959,0.1278,0.1278,0.1278,0.1278,0.1278,0.1278,18.4242,0.7881,0.0758,0.0547,0.002,3.3625,0.0768,57.422
AND-1-3037-10,0.7670000195503235,0.9598000049591064,1.0135999917984009,0.9994999766349792,0.2612999975681305,2.6414999961853027,0.47929999232292175,1.9151999950408936,2.746500015258789,1.5264999866485596,1.069700002670288,1.8043999671936035,0.6894999742507935,0.7799999713897705,0.7900000214576721,0.8501999974250793,0.7943000197410583,0.6902999877929688,0.5626999735832214,0.5450999736785889,0.48980000615119934,0.4950999915599823,0.5490000247955322,0.598800003528595,0.16359999775886536,0.3896999955177307,0.5641999840736389,0.40549999475479126,0.28299999237060547,0.1476999968290329,0.1720000058412552,0.12549999356269836,0.06710000336170197,0.10440000146627426,0.10109999775886536,0.09510000050067902,0.14100000262260437,0.3831999897956848,0.5950999855995178,0.42239999771118164,0.2888000011444092,0.11659999936819077,0.17489999532699585,0.10639999806880951,0.019099999219179153,0.07620000094175339,0.06989999860525131,0.0430000014603138,0.0,0.07980000227689743,0.06379999965429306,0.030799999833106995,0.0,0.0,0.0,0.0,0.0,0.0,0.0,0.0,0.941,0.3128,-1.0464,-0.2248,0.429,1.4811,0.5088,1.3088,1.7972,1.347,1.2225,1.542,0.1177000030875206,0.09489999711513519,0.13770000636577606,0.12110000103712082,0.149399995803833,0.11699999868869781,0.10379999876022339,0.09570000320672989,0.09730000048875809,0.10199999809265137,0.10019999742507935,0.11990000307559967,2.8120999336242676,0.20819999277591705,0.03799999877810478,-1.0169999599456787,-0.4634000062942505,1.7659000158309937,0.37700000405311584,1.3794000148773193,5.919300079345703,5.208600044250488,4.132199764251709,3.8605000972747803,1.0,1.0,1.0,1.0,1.0,1.0,1.0,1.0,1.0,1.0,1.0,1.0,0.26109999418258667,0.4837000072002411,0.8172000050544739,0.5394999980926514,0.39149999618530273,0.26249998807907104,0.27889999747276306,0.2329999953508377,0.1671999990940094,0.2037000060081482,0.19779999554157257,0.19220000505447388,0.1868000030517578,0.423799991607666,1.0,0.49160000681877136,0.3303999900817871,0.18029999732971191,0.1777999997138977,0.14630000293254852,0.11599999666213989,0.14730000495910645,0.12970000505447388,0.10249999910593033,0.021700000390410423,0.043699998408555984,0.02630000002682209,0.021700000390410423,0.01640000008046627,0.008999999612569809,0.0066999997943639755,0.004900000058114529,0.005100000184029341,0.005799999926239252,0.0034000000450760126,0.0032999999821186066,1.7616,0.9135,-1.2435,0.2965,0.7236,1.4887,1.1369,1.3634,2.0952,2.1287,2.0116,2.0932,0.21379999816417694,0.22310000658035278,0.28049999475479126,0.2671999931335449,0.2777999937534332,0.24050000309944153,0.24699999392032623,0.2223999947309494,0.15399999916553497,0.19550000131130219,0.20749999582767487,0.23360000550746918,-1.1742,-1.1742,-1.1742,-1.1742,-1.1742,-1.1742,-1.1742,-1.1742,-1.1742,-1.1742,-1.1742,-1.1742,1.0,1.0,1.0,1.0,1.0,1.0,1.0,1.0,1.0,1.0,1.0,1.0,0.4795,0.4795,0.4795,0.4795,0.4795,0.4795,0.4795,0.4795,0.4795,0.4795,0.4795,0.4795,0.451,0.451,0.451,0.451,0.451,0.451,0.451,0.451,0.451,0.451,0.451,0.451,0.0004,0.0004,0.0004,0.0004,0.0004,0.0004,0.0004,0.0004,0.0004,0.0004,0.0004,0.0004,0.2187,0.2187,0.2187,0.2187,0.2187,0.2187,0.2187,0.2187,0.2187,0.2187,0.2187,0.2187,0.31,0.31,0.31,0.31,0.31,0.31,0.31,0.31,0.31,0.31,0.31,0.31,12.6007,12.6007,12.6007,12.6007,12.6007,12.6007,12.6007,12.6007,12.6007,12.6007,12.6007,12.6007,248.7814,248.7814,248.7814,248.7814,248.7814,248.7814,248.7814,248.7814,248.7814,248.7814,248.7814,248.7814,1.5063,1.5063,1.5063,1.5063,1.5063,1.5063,1.5063,1.5063,1.5063,1.5063,1.5063,1.5063,-0.5466,-0.5466,-0.5466,-0.5466,-0.5466,-0.5466,-0.5466,-0.5466,-0.5466,-0.5466,-0.5466,-0.5466,-498.1793,-498.1793,-498.1793,-498.1793,-498.1793,-498.1793,-498.1793,-498.1793,-498.1793,-498.1793,-498.1793,-498.1793,-1.0747,-1.0747,-1.0747,-1.0747,-1.0747,-1.0747,-1.0747,-1.0747,-1.0747,-1.0747,-1.0747,-1.0747,45.9851,45.9851,45.9851,45.9851,45.9851,45.9851,45.9851,45.9851,45.9851,45.9851,45.9851,45.9851,-0.6423,0.3373,0.1519,0.1441,1e-04,0.2268,0.0696,2.8789,4177.031,1879.4734,1948.384,292.2663,-1.201,414.301,4.1346,8034.112,1673.8776,1682.6451,125.5311,0.631,657.1304,1.4027,1.4027,1.4027,1.4027,1.4027,1.4027,1.4027,63.611,63.611,63.611,63.611,63.611,63.611,63.611,22.7438,22.7438,22.7438,22.7438,22.7438,22.7438,22.7438,17.5911,17.5911,17.5911,17.5911,17.5911,17.5911,17.5911,2.3866,2.3866,2.3866,2.3866,2.3866,2.3866,2.3866,1.6611,1.6611,1.6611,1.6611,1.6611,1.6611,1.6611,13.4378,13.4378,13.4378,13.4378,13.4378,13.4378,13.4378,0.2756,9162.378,3791.0745,4005.1755,107.666,-0.5725,1364.1533,5.6815,5.6815,5.6815,5.6815,5.6815,5.6815,0.6301,0.6301,0.6301,0.6301,0.6301,0.6301,0.0059,0.0059,0.0059,0.0059,0.0059,0.0059,0.0015,0.0015,0.0015,0.0015,0.0015,0.0015,-0.6157,-0.6157,-0.6157,-0.6157,-0.6157,-0.6157,0.0448,0.0448,0.0448,0.0448,0.0448,0.0448,0.1074,0.1074,0.1074,0.1074,0.1074,0.1074,27.6842,0.7871,0.057,0.0454,0.002,3.1744,0.0485,58.727
AND-1-3037-11,-0.6478000283241272,-0.3206000030040741,-0.5587000250816345,-0.4772000014781952,-0.42809998989105225,0.3334999978542328,0.8036999702453613,1.7000999450683594,3.5732998847961426,4.0279998779296875,4.798999786376953,3.7634999752044678,0.7020999789237976,0.7457000017166138,0.7360000014305115,0.7329000234603882,0.7028999924659729,0.6265000104904175,0.5806999802589417,0.6036999821662903,0.5806000232696533,0.6146000027656555,0.6168000102043152,0.5978999733924866,0.3052999973297119,0.3873000144958496,0.44119998812675476,0.376800000667572,0.321399986743927,0.20200000703334808,0.13050000369548798,0.10580000281333923,0.11129999905824661,0.10830000042915344,0.0934000015258789,0.0803999975323677,0.2913999855518341,0.37130001187324524,0.46239998936653137,0.38989999890327454,0.3327000141143799,0.16259999573230743,0.08139999955892563,0.07859999686479568,0.08749999850988388,0.08179999887943268,0.04830000177025795,0.027499999850988388,0.0,0.08240000158548355,0.0,0.0006000000284984708,0.0017000000225380063,0.0003000000142492354,0.0,0.0,0.0,0.0,0.0,0.0,0.2886,0.449,-0.5168,-0.1522,0.0426,1.0307,1.3185,1.3042,1.556,1.7416,2.2365,2.0971,0.16019999980926514,0.12240000069141388,0.15330000221729279,0.14900000393390656,0.15289999544620514,0.1340000033378601,0.1388999968767166,0.11190000176429749,0.08739999681711197,0.09929999709129333,0.12880000472068787,0.1225999966263771,-0.7631000280380249,-0.6888999938964844,-1.4115999937057495,-1.2892999649047852,-0.9434000253677368,-0.06889999657869339,2.9070000648498535,4.98199987411499,2.0875000953674316,4.343500137329102,5.10290002822876,5.491700172424316,1.0,1.0,1.0,1.0,1.0,1.0,1.0,1.0,1.0,1.0,1.0,1.0,0.4652000069618225,0.5490999817848206,0.6870999932289124,0.5791000127792358,0.47839999198913574,0.3449999988079071,0.26179999113082886,0.23160000145435333,0.2371000051498413,0.22349999845027924,0.21570000052452087,0.19840000569820404,0.3853999972343445,0.49390000104904175,0.8342999815940857,0.5770999789237976,0.4422000050544739,0.2865999937057495,0.18709999322891235,0.17730000615119934,0.17900000512599945,0.17669999599456787,0.1476999968290329,0.13169999420642853,0.027300000190734863,0.03060000017285347,0.020500000566244125,0.015300000086426735,0.014399999752640724,0.008899999782443047,0.007300000172108412,0.006200000178068876,0.0019000000320374966,9.999999747378752e-05,9.999999747378752e-05,0.0,0.6694,0.532,-0.4693,-0.0442,0.3687,0.8273,1.801,2.1441,1.4096,1.8343,2.2679,2.3821,0.27900001406669617,0.2508000135421753,0.33329999446868896,0.3046000003814697,0.2766000032424927,0.23899999260902405,0.2257000058889389,0.20329999923706055,0.18880000710487366,0.186599999666214,0.21130000054836273,0.20149999856948853,-0.988,-0.988,-0.988,-0.988,-0.988,-0.988,-0.988,-0.988,-0.988,-0.988,-0.988,-0.988,1.0,1.0,1.0,1.0,1.0,1.0,1.0,1.0,1.0,1.0,1.0,1.0,0.5578,0.5578,0.5578,0.5578,0.5578,0.5578,0.5578,0.5578,0.5578,0.5578,0.5578,0.5578,0.5496,0.5496,0.5496,0.5496,0.5496,0.5496,0.5496,0.5496,0.5496,0.5496,0.5496,0.5496,0.0004,0.0004,0.0004,0.0004,0.0004,0.0004,0.0004,0.0004,0.0004,0.0004,0.0004,0.0004,0.0298,0.0298,0.0298,0.0298,0.0298,0.0298,0.0298,0.0298,0.0298,0.0298,0.0298,0.0298,0.2686,0.2686,0.2686,0.2686,0.2686,0.2686,0.2686,0.2686,0.2686,0.2686,0.2686,0.2686,35.853,35.853,35.853,35.853,35.853,35.853,35.853,35.853,35.853,35.853,35.853,35.853,274.1705,274.1705,274.1705,274.1705,274.1705,274.1705,274.1705,274.1705,274.1705,274.1705,274.1705,274.1705,1.7436,1.7436,1.7436,1.7436,1.7436,1.7436,1.7436,1.7436,1.7436,1.7436,1.7436,1.7436,-0.1363,-0.1363,-0.1363,-0.1363,-0.1363,-0.1363,-0.1363,-0.1363,-0.1363,-0.1363,-0.1363,-0.1363,-856.3203,-856.3203,-856.3203,-856.3203,-856.3203,-856.3203,-856.3203,-856.3203,-856.3203,-856.3203,-856.3203,-856.3203,-2.8427,-2.8427,-2.8427,-2.8427,-2.8427,-2.8427,-2.8427,-2.8427,-2.8427,-2.8427,-2.8427,-2.8427,53.2103,53.2103,53.2103,53.2103,53.2103,53.2103,53.2103,53.2103,53.2103,53.2103,53.2103,53.2103,-0.8227,0.3154,0.1443,0.1623,1e-04,-0.374,0.0677,1.296,4079.514,1785.674,1876.1877,183.2158,-0.5032,533.0797,15.2365,8148.674,1606.1737,1583.4792,44.015,2.276,781.2008,1.5693,1.5693,1.5693,1.5693,1.5693,1.5693,1.5693,71.183,71.183,71.183,71.183,71.183,71.183,71.183,22.1059,22.1059,22.1059,22.1059,22.1059,22.1059,22.1059,17.1253,17.1253,17.1253,17.1253,17.1253,17.1253,17.1253,2.6355,2.6355,2.6355,2.6355,2.6355,2.6355,2.6355,1.6982,1.6982,1.6982,1.6982,1.6982,1.6982,1.6982,13.2193,13.2193,13.2193,13.2193,13.2193,13.2193,13.2193,0.6015,9194.678,3544.372,3725.244,43.0664,0.0812,1563.614,8.5756,8.5756,8.5756,8.5756,8.5756,8.5756,0.6985,0.6985,0.6985,0.6985,0.6985,0.6985,0.001,0.001,0.001,0.001,0.001,0.001,0.0016,0.0016,0.0016,0.0016,0.0016,0.0016,-0.6252,-0.6252,-0.6252,-0.6252,-0.6252,-0.6252,-0.4063,-0.4063,-0.4063,-0.4063,-0.4063,-0.4063,0.0717,0.0717,0.0717,0.0717,0.0717,0.0717,47.8493,0.8018,0.0621,0.0469,0.0015,5.7237,0.0687,63.802
